Titel;URL;Unterrubrik;Autor;Zusammenfassung;Keywords;ID;Artikeltyp;Deskriptoren;Organisationen;Personen;Orte;Channel;Ressort;Veröffentlicht;Aktualisiert
Indiana Lawmakers Reject Trump’s New Political Map;https://www.nytimes.com/2025/12/11/us/indiana-senate-redistricting-republicans.html;;By Mitch Smith;Republicans hold an overwhelming majority in the Indiana Senate, but more than a dozen of them defied the president’s wishes, voting against a map aimed at adding Republicans in Congress.;"Redistricting and Reapportionment;State Legislatures;Midterm Elections (2026);Federal-State Relations (US);United States Politics and Government;Trump, Donald J;Republican Party;Democratic Party;House of Representatives;Indiana";1E+14;Article;['Redistricting and Reapportionment', 'State Legislatures', 'Midterm Elections (2026)', 'Federal-State Relations (US)', 'United States Politics and Government'];['Republican Party', 'Democratic Party', 'House of Representatives'];['Trump, Donald J'];['Indiana'];facebook;U.S.;11.12.25;12.12.25 08:07
Netflix to Buy Warner Bros. in $83 Billion Deal to Create a Streaming Giant;https://www.nytimes.com/2025/12/05/business/warner-brothers-discovery-netflix.html;;By Brooks Barnes, Lauren Hirsch and Nicole Sperling;The deal to acquire the Hollywood behemoth’s television and film studios as well as HBO Max will bulk up the world’s biggest paid streaming service.;"Movies;Video Recordings, Downloads and Streaming;Mergers, Acquisitions and Divestitures;Television;Warner Bros Discovery;Netflix Inc;HBO Max";1E+14;Article;['Movies', 'Video Recordings, Downloads and Streaming', 'Mergers, Acquisitions and Divestitures', 'Television'];['Warner Bros Discovery', 'Netflix Inc', 'HBO Max'];[];[];facebook;Business;05.12.25;05.12.25 23:38
How a Manosphere Star Accused of Rape and Trafficking Was Freed;https://www.nytimes.com/2025/12/10/us/andrew-tate-barron-trump-romania.html;;By Megan Twohey and Isabella Kwai;Barred from leaving Romania, Andrew Tate courted powerful figures on the American right, from Tucker Carlson to Barron Trump. Then an extraordinary order let him go.;"internal-open-access-from-nl;Right-Wing Extremism and Alt-Right;Sex Crimes;Child Abuse and Neglect;Human Trafficking;Pornography;Domestic Violence;United States International Relations;United States Politics and Government;Content Type: Personal Profile;vis-design;Men and Boys;Tate, Andrew (1986- );Tate, Tristan;Trump, Donald J;Trump, Barron (2006- );Trump, Donald J Jr;Grenell, Richard;Carlson, Tucker;Romania;Great Britain";1E+14;Article;['internal-open-access-from-nl', 'Right-Wing Extremism and Alt-Right', 'Sex Crimes', 'Child Abuse and Neglect', 'Human Trafficking', 'Pornography', 'Domestic Violence', 'United States International Relations', 'United States Politics and Government', 'Content Type: Personal Profile', 'vis-design', 'Men and Boys'];[];['Tate, Andrew (1986- )', 'Tate, Tristan', 'Trump, Donald J', 'Trump, Barron (2006- )', 'Trump, Donald J Jr', 'Grenell, Richard', 'Carlson, Tucker'];['Romania', 'Great Britain'];facebook;U.S.;10.12.25;11.12.25 16:08
We Rejected This Practice 60 Years Ago. We Must Do So Again Today.;https://www.nytimes.com/2025/12/05/opinion/immigration-restrictions-dc-shooting.html;;By Amanda Frost;Once nativism escalates, it’s hard to stop.;"United States Politics and Government;Law and Legislation;Immigration and Emigration;Citizenship and Naturalization;Discrimination;Race and Ethnicity;Washington DC National Guard Shooting (Nov 2025);Trump, Donald J;Miller, Stephen (1985- );Johnson, Lyndon Baines";1E+14;Article;['United States Politics and Government', 'Law and Legislation', 'Immigration and Emigration', 'Citizenship and Naturalization', 'Discrimination', 'Race and Ethnicity', 'Washington DC National Guard Shooting (Nov 2025)'];[];['Trump, Donald J', 'Miller, Stephen (1985- )', 'Johnson, Lyndon Baines'];[];facebook;Opinion;05.12.25;10.12.25 23:23
Is Gen X Actually the Greatest Generation?;https://www.nytimes.com/2025/12/02/t-magazine/gen-x-generation.html;;By Amanda Fortini and Neal Slavin;How one era changed everything about the culture — and why we’re so nostalgic for its creations.;"Generation X;Rap and Hip-Hop;Pop and Rock Music;Phair, Liz;Lee, Spike;Araki, Gregg;Coupland, Douglas";1E+14;Article;['Generation X', 'Rap and Hip-Hop', 'Pop and Rock Music'];[];['Phair, Liz', 'Lee, Spike', 'Araki, Gregg', 'Coupland, Douglas'];[];facebook;T Magazine;02.12.25;07.12.25 23:10
China’s Trade Surplus Climbs Past $1 Trillion for First Time;https://www.nytimes.com/2025/12/07/business/china-trade-surplus.html;;By Keith Bradsher;President Trump’s tariffs weren’t enough to hold back the global export flood by China, which pushed past last year’s record in just 11 months.;"Customs (Tariff);International Trade and World Market;Factories and Manufacturing;Renminbi (Currency);internal-open-access-from-nl;Trump, Donald J;China;United States";1E+14;Article;['Customs (Tariff)', 'International Trade and World Market', 'Factories and Manufacturing', 'Renminbi (Currency)', 'internal-open-access-from-nl'];[];['Trump, Donald J'];['China', 'United States'];facebook;Business;07.12.25;08.12.25 20:36
A Drunk Raccoon Passed Out in the Bathroom of a Virginia Liquor Store;https://www.nytimes.com/2025/12/03/us/drunk-raccoon-virginia-liquor-store.html;;By Victor Mather;Don’t worry, it’s OK.;"Raccoons;Alcoholic Beverages;internal-open-access-from-nl;Virginia";1E+14;Article;['Raccoons', 'Alcoholic Beverages', 'internal-open-access-from-nl'];[];[];['Virginia'];facebook;U.S.;03.12.25;04.12.25 13:58
Not All Targeted Killings Are the Same. Hegseth’s Boat Strikes Are Illegal.;https://www.nytimes.com/2025/12/07/opinion/hegseth-boat-strikes-killings.html;;By Jeh C. Johnson;A former secretary of homeland security on the illegality of Trump’s boat strikes.;"US Strikes on Alleged Drug Traffickers (2025- );United States Defense and Military Forces;Drug Abuse and Traffic;War and Emergency Powers (US);United States Politics and Government;Drug Cartels;Hegseth, Pete;Obama, Barack;Trump, Donald J;Defense Department;Office of Legal Counsel (US);Caribbean Area;Venezuela;Mexico";1E+14;Article;['US Strikes on Alleged Drug Traffickers (2025- )', 'United States Defense and Military Forces', 'Drug Abuse and Traffic', 'War and Emergency Powers (US)', 'United States Politics and Government', 'Drug Cartels'];['Defense Department', 'Office of Legal Counsel (US)'];['Hegseth, Pete', 'Obama, Barack', 'Trump, Donald J'];['Caribbean Area', 'Venezuela', 'Mexico'];facebook;Opinion;07.12.25;08.12.25 20:57
Frank Gehry, Titan of Architecture, Is Dead at 96;https://www.nytimes.com/2025/12/05/arts/design/frank-gehry-dead.html;Art & Design;By Nicolai Ouroussoff;He designed some of the world’s most recognizable buildings, notably the spectacular Guggenheim Museum Bilbao, his masterpiece.;"Deaths (Obituaries);Architecture;Museums;Gehry, Frank;Guggenheim Museum Bilbao;Disney, Walt, Concert Hall;Vitra Design Museum;Louis Vuitton Foundation for Creation;California;Bilbao (Spain)";1E+14;Article;['Deaths (Obituaries)', 'Architecture', 'Museums'];['Guggenheim Museum Bilbao', 'Disney, Walt, Concert Hall', 'Vitra Design Museum', 'Louis Vuitton Foundation for Creation'];['Gehry, Frank'];['California', 'Bilbao (Spain)'];facebook;Arts;05.12.25;08.12.25 11:52
Panel Votes to Stop Recommending Hepatitis B Shots at Birth for Most Newborns;https://www.nytimes.com/2025/12/05/health/kennedy-vaccine-committee-vote-hepatitisb.html;;By Apoorva Mandavilli;In a move toward Health Secretary Robert F. Kennedy Jr.’s goal of upending vaccine policy, the committee recommended delaying the shots for infants whose mothers test negative for the virus.;"your-feed-science;Vaccination and Immunization;Babies and Infants;Hepatitis;Disease Rates;Children and Childhood;Rumors and Misinformation;Liver;Medicine and Health;Sexually Transmitted Diseases;Regulation and Deregulation of Industry;Viruses;Kennedy, Robert F Jr;Trump, Donald J;Advisory Committee on Immunization Practices;Centers for Disease Control and Prevention";1E+14;Article;['your-feed-science', 'Vaccination and Immunization', 'Babies and Infants', 'Hepatitis', 'Disease Rates', 'Children and Childhood', 'Rumors and Misinformation', 'Liver', 'Medicine and Health', 'Sexually Transmitted Diseases', 'Regulation and Deregulation of Industry', 'Viruses'];['Advisory Committee on Immunization Practices', 'Centers for Disease Control and Prevention'];['Kennedy, Robert F Jr', 'Trump, Donald J'];[];facebook;Health;05.12.25;05.12.25 23:49
Raul Malo, Frontman of Latin-Tinged Country Band Mavericks, Dies at 60;https://www.nytimes.com/2025/12/09/arts/music/raul-malo-dead.html;Music;By Bill Friskics-Warren;As the group’s singer and principal songwriter, he brought a new sound that broadened the boundaries of country music in the 1990s.;"Deaths (Obituaries);Country Music;Malo, Raul;The Mavericks (Music Group)";1E+14;Article;['Deaths (Obituaries)', 'Country Music'];['The Mavericks (Music Group)'];['Malo, Raul'];[];facebook;Arts;09.12.25;11.12.25 10:37
$27,000 a Year for Health Insurance. How Can We Afford That?;https://www.nytimes.com/2025/12/10/opinion/health-care-aca-cost-insurance.html;;By Zack Cooper;The high cost of health care in America is suppressing wages, driving job losses and fueling inequality.;"Medicine and Health;Health Insurance and Managed Care;Patient Protection and Affordable Care Act (2010);Shutdowns (Institutional);Tax Credits, Deductions and Exemptions;Prices (Fares, Fees and Rates);Trump, Donald J;Democratic Party;Republican Party";1E+14;Article;['Medicine and Health', 'Health Insurance and Managed Care', 'Patient Protection and Affordable Care Act (2010)', 'Shutdowns (Institutional)', 'Tax Credits, Deductions and Exemptions', 'Prices (Fares, Fees and Rates)'];['Democratic Party', 'Republican Party'];['Trump, Donald J'];[];facebook;Opinion;10.12.25;10.12.25 05:01
Overmatched: Why the U.S. Military Must Reinvent Itself;https://www.nytimes.com/interactive/2025/12/08/opinion/us-china-taiwan-military.html;Editorials;By The Editorial Board;Investing in the old ways of war leaves America at risk.;"United States Defense and Military Forces;Russian Invasion of Ukraine (2022);United States Politics and Government;War and Armed Conflicts;Missiles and Missile Defense Systems;Politics and Government;Military Aircraft;Drones (Pilotless Planes);United States International Relations;Hegseth, Pete;Trump, Donald J;Xi Jinping;Defense Department;China;Taiwan";1E+14;Interactive;['United States Defense and Military Forces', 'Russian Invasion of Ukraine (2022)', 'United States Politics and Government', 'War and Armed Conflicts', 'Missiles and Missile Defense Systems', 'Politics and Government', 'Military Aircraft', 'Drones (Pilotless Planes)', 'United States International Relations'];['Defense Department'];['Hegseth, Pete', 'Trump, Donald J', 'Xi Jinping'];['China', 'Taiwan'];facebook;Opinion;08.12.25;12.12.25 08:28
Republican Women Suddenly Realize They’re Surrounded by Misogynists;https://www.nytimes.com/2025/12/09/opinion/republican-women-misogyny-sexism.html;;By Michelle Goldberg;There’s a big difference between being useful and being respected.;"United States Politics and Government;Women's Rights;Women and Girls;Discrimination;Conservatism (US Politics);Johnson, Mike (1972- );Republican Party;House of Representatives";1E+14;Article;"['United States Politics and Government', ""Women's Rights"", 'Women and Girls', 'Discrimination', 'Conservatism (US Politics)']";['Republican Party', 'House of Representatives'];['Johnson, Mike (1972- )'];[];facebook;Opinion;09.12.25;10.12.25 20:19
Must the Military Disobey Unlawful Orders? Pam Bondi Has Said Yes.;https://www.nytimes.com/2025/12/08/us/politics/military-unlawful-orders-pam-bondi.html;Politics;By Adam Liptak;As a lawyer for a conservative think tank, Ms. Bondi, now the attorney general, filed a Supreme Court brief last year saying service members who followed such orders were committing crimes.;"United States Politics and Government;United States Defense and Military Forces;Immunity from Prosecution;Presidential Election of 2024;Conservatism (US Politics);Presidential Election of 2016;Presidents and Presidency (US);Trump, Donald J;Bondi, Pamela J;Alito, Samuel A Jr;Hegseth, Pete;Defense Department;Supreme Court (US);United States Navy";1E+14;Article;['United States Politics and Government', 'United States Defense and Military Forces', 'Immunity from Prosecution', 'Presidential Election of 2024', 'Conservatism (US Politics)', 'Presidential Election of 2016', 'Presidents and Presidency (US)'];['Defense Department', 'Supreme Court (US)', 'United States Navy'];['Trump, Donald J', 'Bondi, Pamela J', 'Alito, Samuel A Jr', 'Hegseth, Pete'];[];facebook;U.S.;08.12.25;08.12.25 20:45
Supreme Court Agrees to Review Trump Order Restricting Birthright Citizenship;https://www.nytimes.com/2025/12/05/us/politics/supreme-court-trump-birthright-citizenship.html;Politics;By Abbie VanSickle;The administration asked the justices to uphold an executive order ending birthright citizenship after lower courts ruled it violated the Constitution.;"United States Politics and Government;Citizenship and Naturalization;Executive Orders and Memorandums;Suits and Litigation (Civil);Illegal Immigration;Fourteenth Amendment (US Constitution);Federal Courts (US);Civil Rights and Liberties;Trump, Donald J;Wong Kim Ark (b 1873);Supreme Court (US);American Civil Liberties Union";1E+14;Article;['United States Politics and Government', 'Citizenship and Naturalization', 'Executive Orders and Memorandums', 'Suits and Litigation (Civil)', 'Illegal Immigration', 'Fourteenth Amendment (US Constitution)', 'Federal Courts (US)', 'Civil Rights and Liberties'];['Supreme Court (US)', 'American Civil Liberties Union'];['Trump, Donald J', 'Wong Kim Ark (b 1873)'];[];facebook;U.S.;05.12.25;06.12.25 08:38
Mike Lindell, MyPillow Founder, Announces Run for Minnesota Governor;https://www.nytimes.com/2025/12/11/us/politics/mypillow-mike-lindell-minnesota-governor-election.html;Politics;By Nick Corasaniti;He is a close ally of President Trump and has been a leading proponent of the election denial movement, which falsely claims that voting machines are often rigged.;"Politics and Government;Elections, Governors;Voter Fraud (Election Fraud);Voting Machines;Presidential Election of 2020;Rumors and Misinformation;Lindell, Mike;Trump, Donald J;Jensen, Scott M (1954- );LindellTV;Republican Party;My Pillow Inc;Minnesota";1E+14;Article;['Politics and Government', 'Elections, Governors', 'Voter Fraud (Election Fraud)', 'Voting Machines', 'Presidential Election of 2020', 'Rumors and Misinformation'];['LindellTV', 'Republican Party', 'My Pillow Inc'];['Lindell, Mike', 'Trump, Donald J', 'Jensen, Scott M (1954- )'];['Minnesota'];facebook;U.S.;11.12.25;11.12.25 21:17
National Parks Drop Free Entrance on M.L.K. Day and Juneteenth;https://www.nytimes.com/2025/12/08/travel/trump-birthday-mlk-juneteenth-free-national-park.html;;By Gabe Castro-Root;Visitors will instead get free entry on President Trump’s birthday, which coincides with Flag Day.;"National Parks, Monuments and Seashores;Prices (Fares, Fees and Rates);Holidays and Special Occasions;Juneteenth;United States Politics and Government;Black People;King, Martin Luther Jr;Johnson, Derrick (1968- );Trump, Donald J;Interior Department;National Assn for the Advancement of Colored People;National Park Service;Grand Canyon (Ariz);Yellowstone National Park;Yosemite National Park (Calif)";1E+14;Article;['National Parks, Monuments and Seashores', 'Prices (Fares, Fees and Rates)', 'Holidays and Special Occasions', 'Juneteenth', 'United States Politics and Government', 'Black People'];['Interior Department', 'National Assn for the Advancement of Colored People', 'National Park Service'];['King, Martin Luther Jr', 'Johnson, Derrick (1968- )', 'Trump, Donald J'];['Grand Canyon (Ariz)', 'Yellowstone National Park', 'Yosemite National Park (Calif)'];facebook;Travel;08.12.25;09.12.25 12:08
Miami Elects First Democratic Mayor in Nearly 30 Years;https://www.nytimes.com/2025/12/09/us/miami-mayor-eileen-higgins-election.html;;By Patricia Mazzei;Eileen Higgins, a former Miami-Dade County commissioner, will also be the city’s first female mayor and the first non-Hispanic mayor since the 1990s.;"Elections, Mayors;Women and Girls;Politics and Government;Midterm Elections (2026);United States Politics and Government;Higgins, Eileen;Democratic Party;Miami (Fla)";1E+14;Article;['Elections, Mayors', 'Women and Girls', 'Politics and Government', 'Midterm Elections (2026)', 'United States Politics and Government'];['Democratic Party'];['Higgins, Eileen'];['Miami (Fla)'];facebook;U.S.;09.12.25;10.12.25 21:15
What Trump Is Really Doing With His Boat Strikes;https://www.nytimes.com/2025/12/05/opinion/trump-boat-strikes.html;;By Phil Klay;We need to question the strikes’ legality. But we also need to see how they fit into the Trump administration’s larger effort to change America.;"US Strikes on Alleged Drug Traffickers (2025- );United States Politics and Government;United States Defense and Military Forces;War Crimes, Genocide and Crimes Against Humanity;War Powers Act (1973);Augustine of Hippo (354-430);Trump, Donald J;Hegseth, Pete;Defense Department";1E+14;Article;['US Strikes on Alleged Drug Traffickers (2025- )', 'United States Politics and Government', 'United States Defense and Military Forces', 'War Crimes, Genocide and Crimes Against Humanity', 'War Powers Act (1973)'];['Defense Department'];['Augustine of Hippo (354-430)', 'Trump, Donald J', 'Hegseth, Pete'];[];facebook;Opinion;05.12.25;07.12.25 16:41
Sea Ranch Let Her Feel ‘Life and Death and Dark and Light’;https://www.nytimes.com/2025/12/08/realestate/sea-ranch-neuroaesthetics-house.html;;By Diana Budds;The architect Suchi Reddy designed a weekend home on a cliff in the famed planned community to help Ivy Ross, a Google executive, get out of her mind and into her body.;"Architecture;Design;Interior Design and Furnishings;Real Estate and Housing (Residential);Sea Ranch (Calif)";1E+14;Article;['Architecture', 'Design', 'Interior Design and Furnishings', 'Real Estate and Housing (Residential)'];[];[];['Sea Ranch (Calif)'];email;Real Estate;08.12.25;10.12.25 15:17
Best Movies of 2025;https://www.nytimes.com/2025/12/02/movies/best-movies-2025.html;;By Manohla Dargis and Alissa Wilkinson;Our film critics rank their 10 favorites of the year.;"Movies;Two Thousand Twenty Five;Content Type: Service";1E+14;Article;['Movies', 'Two Thousand Twenty Five', 'Content Type: Service'];[];[];[];email;Movies;02.12.25;08.12.25 12:50
Your Guide to Paris;https://www.nytimes.com/interactive/2025/travel/paris-france-guide.html;;By Lindsey Tramuta;From the must-see locations to the most frequently asked questions, our guide has all you need to plan your next visit.;"Travel and Vacations;Hotels and Travel Lodgings;Restaurants;Museums;Shopping and Retail;vis-design;Eiffel Tower (Paris);Louvre Museum;Sacre Coeur Basilica;Pantheon (Paris, France);Paris (France);Seine River (France);Tuileries Gardens (Paris, France)";1E+14;Interactive;['Travel and Vacations', 'Hotels and Travel Lodgings', 'Restaurants', 'Museums', 'Shopping and Retail', 'vis-design', 'Eiffel Tower (Paris)'];['Louvre Museum', 'Sacre Coeur Basilica', 'Pantheon (Paris, France)'];[];['Paris (France)', 'Seine River (France)', 'Tuileries Gardens (Paris, France)'];email;Travel;03.12.25;05.12.25 16:08
At State Dept., a Typeface Falls Victim in the War Against Woke;https://www.nytimes.com/2025/12/09/us/politics/rubio-state-department-font.html;Politics;By Michael Crowley and Hamed Aleaziz;Secretary of State Marco Rubio called the Biden-era move to the sans serif typeface “wasteful,” casting the return to Times New Roman as part of a push to stamp out diversity efforts.;"Typography;Diversity Initiatives;Disabilities;United States Politics and Government;Rubio, Marco;Blinken, Antony J;Trump, Donald J;State Department";1E+14;Article;['Typography', 'Diversity Initiatives', 'Disabilities', 'United States Politics and Government'];['State Department'];['Rubio, Marco', 'Blinken, Antony J', 'Trump, Donald J'];[];email;U.S.;09.12.25;11.12.25 20:21
Hannah Arendt Is Not Your Icon;https://www.nytimes.com/2025/12/05/books/review/hannah-arendt-is-not-your-icon.html;Book Review;By Jennifer Szalai;Fifty years after her death, the German-born political thinker has been enshrined as a prophet for our times. What did she actually say?;"Books and Literature;Holocaust and the Nazi Era;Jews and Judaism;Authoritarianism (Theory and Philosophy);Arendt, Hannah;Eichmann, Adolf";1E+14;Article;['Books and Literature', 'Holocaust and the Nazi Era', 'Jews and Judaism', 'Authoritarianism (Theory and Philosophy)'];[];['Arendt, Hannah', 'Eichmann, Adolf'];[];email;Books;05.12.25;05.12.25 05:25
Trump Administration Says Europe Faces ‘Civilizational Erasure’;https://www.nytimes.com/2025/12/05/world/europe/trump-europe.html;Europe;By Michael D. Shear, Jeanna Smialek and Lara Jakes;America’s goal should be “to help Europe correct its current trajectory,” the administration said in its new National Security Strategy.;"United States International Relations;United States Politics and Government;International Relations;Nationalism (Theory and Philosophy);Immigration and Emigration;Right-Wing Extremism and Alt-Right;Democracy (Theory and Philosophy);Russian Invasion of Ukraine (2022);internal-open-access-from-nl;Trump, Donald J;Putin, Vladimir V;European Union;North Atlantic Treaty Organization;United States;Europe;Germany;Italy;Great Britain;Middle East;Russia;Ukraine";1E+14;Article;['United States International Relations', 'United States Politics and Government', 'International Relations', 'Nationalism (Theory and Philosophy)', 'Immigration and Emigration', 'Right-Wing Extremism and Alt-Right', 'Democracy (Theory and Philosophy)', 'Russian Invasion of Ukraine (2022)', 'internal-open-access-from-nl'];['European Union', 'North Atlantic Treaty Organization'];['Trump, Donald J', 'Putin, Vladimir V'];['United States', 'Europe', 'Germany', 'Italy', 'Great Britain', 'Middle East', 'Russia', 'Ukraine'];email;World;05.12.25;09.12.25 14:45
How Can I Style My Scarf Like a Frenchwoman?;https://www.nytimes.com/2025/12/08/fashion/scarf-silk-french-style.html;;By Vanessa Friedman;Our critic explains how to bring out the effortless insouciance of a quintessentially French accessory.;"Fashion and Apparel;Content Type: Service;Scarves;Accessories (Apparel);internal-open-access-from-nl";1E+14;Article;['Fashion and Apparel', 'Content Type: Service', 'Scarves', 'Accessories (Apparel)', 'internal-open-access-from-nl'];[];[];[];email;Fashion;08.12.25;10.12.25 15:03
Medicare Scammers Are Calling Seniors 50 Times a Day, Trying to Trap Them;https://www.nytimes.com/2025/12/05/business/medicare-scam-calls.html;;By Nick Keppler;Complaints about the calls have risen, and some older Americans have discovered that their Medicare accounts were already compromised.;"Personal Finances;Medicare;Elderly;Frauds and Swindling;Spam (Electronic)";1E+14;Article;['Personal Finances', 'Medicare', 'Elderly', 'Frauds and Swindling', 'Spam (Electronic)'];[];[];[];email;Business;05.12.25;10.12.25 22:59
All 187,460 Miles of Road That Led to Rome, Mapped;https://www.nytimes.com/2025/12/09/science/archaeology-roman-empire-roads.html;;By Franz Lidz;A digital atlas of ancient Rome’s highways and byways reveals a road network that was more extensive than thought.;"Maps;Archaeology and Anthropology;Pilgrimages;Christians and Christianity;Roads and Traffic;internal-open-access-from-nl;Dunn, Daisy (1987- );Scientific Data (Journal);Jerusalem (Israel);Turkey;Bordeaux (France);Italy";1E+14;Article;['Maps', 'Archaeology and Anthropology', 'Pilgrimages', 'Christians and Christianity', 'Roads and Traffic', 'internal-open-access-from-nl'];['Scientific Data (Journal)'];['Dunn, Daisy (1987- )'];['Jerusalem (Israel)', 'Turkey', 'Bordeaux (France)', 'Italy'];email;Science;09.12.25;10.12.25 15:05
Rich New Yorkers Threaten to Leave. Then They Find Out How Hard That Is.;https://www.nytimes.com/2025/12/05/nyregion/nyc-income-tax-rich.html;;By Matthew Haag;Tax accountants and lawyers detail the arduous process wealthy New Yorkers would have to face to avoid paying New York State and city taxes.;"Income Tax;Income;Second Homes and Non-Primary Residences;Accounting and Accountants;High Net Worth Individuals;Tax Evasion;Mamdani, Zohran;New York City;Florida";1E+14;Article;['Income Tax', 'Income', 'Second Homes and Non-Primary Residences', 'Accounting and Accountants', 'High Net Worth Individuals', 'Tax Evasion'];[];['Mamdani, Zohran'];['New York City', 'Florida'];email;New York;05.12.25;06.12.25 02:32
What Menopause Does to the Body;https://www.nytimes.com/2025/12/10/well/menopause-symptoms.html;;By Maggie Astor and Bianca Bagnarelli;A head-to-toe guide to the many unexpected symptoms of the midlife transition.;"Menopause;Sleep;Heart;Taste;Weight;vis-design";1E+14;Article;['Menopause', 'Sleep', 'Heart', 'Taste', 'Weight', 'vis-design'];[];[];[];email;Well;10.12.25;11.12.25 10:53
Massachusetts Church Keeps Anti-ICE Nativity Scene, Defying Diocese Leaders;https://www.nytimes.com/2025/12/08/us/massachusetts-church-ice-nativity-scene.html;;By Jenna Russell;The Christmas display, which replaces Jesus, Mary and Joseph with a sign saying “ICE Was Here,” has drawn criticism from Catholic leaders and immigration officials.;"Illegal Immigration;Federal Actions in US Cities;Immigration and Emigration;Religion-State Relations;Churches (Buildings);Christmas;Signs and Signage;Trump, Donald J;Immigration and Customs Enforcement (US);Roman Catholic Church;Dedham (Mass);Boston (Mass)";1E+14;Article;['Illegal Immigration', 'Federal Actions in US Cities', 'Immigration and Emigration', 'Religion-State Relations', 'Churches (Buildings)', 'Christmas', 'Signs and Signage'];['Immigration and Customs Enforcement (US)', 'Roman Catholic Church'];['Trump, Donald J'];['Dedham (Mass)', 'Boston (Mass)'];email;U.S.;08.12.25;10.12.25 20:40
Why One Man Is Fighting for Our Right to Control Our Garage Door Openers;https://www.nytimes.com/2025/12/04/technology/personaltech/why-one-man-is-fighting-for-our-right-to-control-our-garage-door-openers.html;Personal Tech;By Brian X. Chen and Cole Wilson;If companies can modify internet-connected products and charge subscriptions after people have already purchased them, what does it mean to own anything anymore?;"Computers and the Internet;Mobile Applications;Home Automation and Smart Homes;Privacy;Consumer Protection;Wireless Communications;Wieland, Paul;iFixit;Ratcloud";1E+14;Article;['Computers and the Internet', 'Mobile Applications', 'Home Automation and Smart Homes', 'Privacy', 'Consumer Protection', 'Wireless Communications'];['iFixit', 'Ratcloud'];['Wieland, Paul'];[];email;Technology;04.12.25;09.12.25 19:46
20 Great Holiday Romance Movies;https://www.nytimes.com/2025/12/05/movies/holiday-christmas-romance-movies.html;;By Ashley Spencer;From timeless classics to frothy distractions, we’ve picked the best holiday romances currently available to stream.;Movies;1E+14;Article;['Movies'];[];[];[];email;Movies;05.12.25;05.12.25 11:00
The Conservative Overhaul of the University of Texas Is Underway;https://www.nytimes.com/2025/12/10/us/university-of-texas-republicans-academic-freedom-faculty.html;;By Vimal Patel and Callaghan O’Hare;The school has been brought to heel by conservative critics of higher education. It is part of a broader transformation at the state’s universities.;"Colleges and Universities;Conservatism (US Politics);Academic Freedom;Diversity Initiatives;Law and Legislation;State Legislatures;Federal Aid (US);Federal-State Relations (US);United States Politics and Government;Davis, James E (1955- );Trump, Donald J;Republican Party;University of Texas at Austin;Texas A&m University;Texas Tech University;Texas";1E+14;Article;['Colleges and Universities', 'Conservatism (US Politics)', 'Academic Freedom', 'Diversity Initiatives', 'Law and Legislation', 'State Legislatures', 'Federal Aid (US)', 'Federal-State Relations (US)', 'United States Politics and Government'];['Republican Party', 'University of Texas at Austin', 'Texas A&m University', 'Texas Tech University'];['Davis, James E (1955- )', 'Trump, Donald J'];['Texas'];email;U.S.;10.12.25;11.12.25 10:53
What to Know About the Nearly 10% Climb in a Key Medicare Expense for 2026;https://www.nytimes.com/2025/11/22/business/medicare-part-b-premium-2026.html;;By Mark Miller;The rapidly rising premium for Part B, which covers retirees’ outpatient services, reflects the fast pace of growth for health care costs nationally.;"Health Insurance and Managed Care;Prices (Fares, Fees and Rates);Medicare;Elderly;Medicare Advantage;Income;Social Security (US);Personal Finances;Long-Term Care Insurance;High Net Worth Individuals;Cost of Living and Affordability";1E+14;Article;['Health Insurance and Managed Care', 'Prices (Fares, Fees and Rates)', 'Medicare', 'Elderly', 'Medicare Advantage', 'Income', 'Social Security (US)', 'Personal Finances', 'Long-Term Care Insurance', 'High Net Worth Individuals', 'Cost of Living and Affordability'];[];[];[];email;Business;22.11.25;03.12.25 12:38
The Data on Self-Driving Cars Is Clear. We Have to Change Course.;https://www.nytimes.com/2025/12/02/opinion/self-driving-cars.html;;By Jonathan Slotkin;Compared to human drivers, Waymo cars were involved in 91 percent fewer crashes that resulted in serious injuries.;"Roads and Traffic;Traffic Accidents and Safety;Driverless and Semiautonomous Vehicles;Waymo;Tesla Motors Inc";1E+14;Article;['Roads and Traffic', 'Traffic Accidents and Safety', 'Driverless and Semiautonomous Vehicles'];['Waymo', 'Tesla Motors Inc'];[];[];email;Opinion;02.12.25;06.12.25 16:16
Trump Isn’t Interested in Fighting a New Cold War. He Wants a New Civilizational War.;https://www.nytimes.com/2025/12/11/opinion/trump-europe-security-strategy.html;;By Thomas L. Friedman;Trump is not interested in refighting the Cold War. He is, in my view, interested in fighting the civilizational war over what is the American “home.”;"United States Politics and Government;United States International Relations;Illegal Immigration;Minorities;Refugees and Displaced Persons;Immigration and Emigration;Nationalism (Theory and Philosophy);Trump, Donald J;European Union;Europe";1E+14;Article;['United States Politics and Government', 'United States International Relations', 'Illegal Immigration', 'Minorities', 'Refugees and Displaced Persons', 'Immigration and Emigration', 'Nationalism (Theory and Philosophy)'];['European Union'];['Trump, Donald J'];['Europe'];email;Opinion;11.12.25;12.12.25 01:30
Rob Reiner, Actor Who Went on to Direct Classic Films, Dies at 78;https://www.nytimes.com/2025/12/15/movies/rob-reiner-dead.html;;By Julia Jacobs and Clay Risen;After finding fame in “All in the Family,” he directed winning films like “This Is Spinal Tap,” “When Harry Met Sally … ” and “The Princess Bride” and got involved in liberal politics.;"Television;Movies;Actors and Actresses;Deaths (Obituaries);internal-open-access-from-nl;Reiner, Rob";1E+14;Article;['Television', 'Movies', 'Actors and Actresses', 'Deaths (Obituaries)', 'internal-open-access-from-nl'];[];['Reiner, Rob'];[];Facebook;Movies;15.12.25;16.12.25 09:28
Trump Says He Doesn’t Want the Best for His Enemies, but There Is Someone He Wants the Best For;https://www.nytimes.com/2025/12/16/opinion/trump-corruption-conflict-interest-mindset.html;;By Thomas B. Edsall;Gimme, gimme, gimme. Gimme some more.;"United States Politics and Government;Right-Wing Extremism and Alt-Right;Russian Invasion of Ukraine (2022);Social Media;Trump, Donald J;Justice Department;Republican Party";1E+14;Article;['United States Politics and Government', 'Right-Wing Extremism and Alt-Right', 'Russian Invasion of Ukraine (2022)', 'Social Media'];['Justice Department', 'Republican Party'];['Trump, Donald J'];[];Facebook;Opinion;16.12.25;16.12.25 22:12
Anthony Geary, Luke on ‘General Hospital,’ Dies at 78;https://www.nytimes.com/2025/12/15/arts/television/anthony-geary-dead.html;Television;By Sopan Deb;Portraying Luke Spencer, he was one of the best-known soap opera stars in American television. His onscreen romance with Laura Webber, played by Genie Francis, changed the landscape of daytime television.;"Soap Operas;Television;Actors and Actresses;Deaths (Obituaries);Geary, Anthony";1E+14;Article;['Soap Operas', 'Television', 'Actors and Actresses', 'Deaths (Obituaries)'];[];['Geary, Anthony'];[];Facebook;Arts;15.12.25;16.12.25 23:54
Kids Rarely Read Whole Books Anymore. Even in English Class.;https://www.nytimes.com/2025/12/12/us/high-school-english-teachers-assigning-books.html;;By Dana Goldstein;When teachers do assign whole books, they often choose from a stagnant list of classics.;"Books and Literature;Teachers and School Employees;Education (K-12);BookheadEd Learning LLC;EL Education;Houghton Mifflin Co;Imagine Learning Inc;McGraw Hill Financial Inc";1E+14;Article;['Books and Literature', 'Teachers and School Employees', 'Education (K-12)'];['BookheadEd Learning LLC', 'EL Education', 'Houghton Mifflin Co', 'Imagine Learning Inc', 'McGraw Hill Financial Inc'];[];[];Facebook;U.S.;12.12.25;14.12.25 21:28
Denied Federal Disaster Aid, a Town in Trump Country Feels Forgotten;https://www.nytimes.com/2025/12/10/us/trump-maryland-floods-disaster-aid.html;;By Campbell Robertson;FEMA rejected requests for federal assistance, twice, after devastating floods in western Maryland, part of a larger pattern of making communities pay for their own disaster recovery.;"Disasters and Emergencies;Moore, Wes (1978- );Trump, Donald J;Federal Emergency Management Agency;Maryland";1E+14;Article;['Disasters and Emergencies'];['Federal Emergency Management Agency'];['Moore, Wes (1978- )', 'Trump, Donald J'];['Maryland'];Facebook;U.S.;10.12.25;11.12.25 21:07
Bondi Beach Is What ‘Globalize the Intifada’ Looks Like;https://www.nytimes.com/2025/12/14/opinion/bondi-beach-shooting.html;;By Bret Stephens;When a slogan’s real meaning comes true.;"Sydney, Australia, Hanukkah Attack (Dec 14, 2025);Anti-Semitism;Terrorism;Israel-Gaza War (2023- );Australia;Bondi Beach (Sydney, Australia);Israel;Gaza Strip";1E+14;Article;['Sydney, Australia, Hanukkah Attack (Dec 14, 2025)', 'Anti-Semitism', 'Terrorism', 'Israel-Gaza War (2023- )'];[];[];['Australia', 'Bondi Beach (Sydney, Australia)', 'Israel', 'Gaza Strip'];Facebook;Opinion;14.12.25;15.12.25 07:49
The Billionaires Have Gone Full Louis XV;https://www.nytimes.com/2025/12/14/opinion/billionaires-politics-money.html;;By Michael Hirschorn;The first rule of dark money is to quit blabbing about it. Did they think people would thank them for it?;"High Net Worth Individuals;Campaign Finance;United States Politics and Government;Income Inequality;Democracy (Theory and Philosophy);Right-Wing Extremism and Alt-Right;Elections, Mayors;Philanthropy;Regulation and Deregulation of Industry;Taxation;Polls and Public Opinion;Law and Legislation;Socialism (Theory and Philosophy);Ethics and Official Misconduct;Ackman, William A;Bezos, Jeffrey P;Darnton, Robert;Karp, Alex;Mamdani, Zohran;Mayer, Jane;Musk, Elon;Thiel, Peter A;Trump, Donald J;Citizens United;Democratic Party;Palantir Technologies;Republican Party";1E+14;Article;['High Net Worth Individuals', 'Campaign Finance', 'United States Politics and Government', 'Income Inequality', 'Democracy (Theory and Philosophy)', 'Right-Wing Extremism and Alt-Right', 'Elections, Mayors', 'Philanthropy', 'Regulation and Deregulation of Industry', 'Taxation', 'Polls and Public Opinion', 'Law and Legislation', 'Socialism (Theory and Philosophy)', 'Ethics and Official Misconduct'];['Citizens United', 'Democratic Party', 'Palantir Technologies', 'Republican Party'];['Ackman, William A', 'Bezos, Jeffrey P', 'Darnton, Robert', 'Karp, Alex', 'Mamdani, Zohran', 'Mayer, Jane', 'Musk, Elon', 'Thiel, Peter A', 'Trump, Donald J'];[];Facebook;Opinion;14.12.25;16.12.25 19:26
A Grand Jury Again Declines to Reindict Letitia James;https://www.nytimes.com/2025/12/11/us/politics/grand-jury-letitia-james.html;Politics;By Jonah E. Bromwich, Devlin Barrett and Glenn Thrush;It was a striking rejection of the administration’s retribution campaign.;"Jury System;Decisions and Verdicts;United States Politics and Government;James, Letitia;Halligan, Lindsey;Trump, Donald J;Justice Department;Virginia";1E+14;Article;['Jury System', 'Decisions and Verdicts', 'United States Politics and Government'];['Justice Department'];['James, Letitia', 'Halligan, Lindsey', 'Trump, Donald J'];['Virginia'];Facebook;U.S.;11.12.25;12.12.25 09:46
Inside the Pentagon’s Scramble to Deal With Boat Strike Survivors;https://www.nytimes.com/2025/12/09/us/politics/pentagon-boat-strike-survivors.html;Politics;By Damien Cave, Edward Wong and Maria Abi-Habib;Officials initially weighed sending survivors of U.S. attacks on boats suspected of drug smuggling to a notorious prison in El Salvador, to keep them away from American courts.;"US Strikes on Alleged Drug Traffickers (2025- );United States Defense and Military Forces;United States Politics and Government;Drug Abuse and Traffic;United States International Relations;Maritime Crime;Human Rights and Human Rights Violations;War Crimes, Genocide and Crimes Against Humanity;Hegseth, Pete;Rubio, Marco;Trump, Donald J;Defense Department;United States Coast Guard;Caribbean Area;Latin America;Venezuela;El Salvador";1E+14;Article;['US Strikes on Alleged Drug Traffickers (2025- )', 'United States Defense and Military Forces', 'United States Politics and Government', 'Drug Abuse and Traffic', 'United States International Relations', 'Maritime Crime', 'Human Rights and Human Rights Violations', 'War Crimes, Genocide and Crimes Against Humanity'];['Defense Department', 'United States Coast Guard'];['Hegseth, Pete', 'Rubio, Marco', 'Trump, Donald J'];['Caribbean Area', 'Latin America', 'Venezuela', 'El Salvador'];Facebook;U.S.;09.12.25;10.12.25 21:04
U.S. Steps Up Campaign Against Maduro in Seizing Tanker Off Venezuela;https://www.nytimes.com/2025/12/10/us/politics/oil-tanker-seized-us-venezuela-trump.html;Politics;By Tyler Pager, Eric Schmitt and Nicholas Nehamas;The seizure comes as the United States builds up its forces in the Caribbean as part of a campaign against President Nicolás Maduro of Venezuela.;"United States International Relations;United States Politics and Government;United States Defense and Military Forces;Ships and Shipping;Freight (Cargo);Oil (Petroleum) and Gasoline;Search and Seizure;Smuggling;Embargoes and Sanctions;International Trade and World Market;internal-open-access-from-nl;Trump, Donald J;Maduro, Nicolas;Venezuela;Iran";1E+14;Article;['United States International Relations', 'United States Politics and Government', 'United States Defense and Military Forces', 'Ships and Shipping', 'Freight (Cargo)', 'Oil (Petroleum) and Gasoline', 'Search and Seizure', 'Smuggling', 'Embargoes and Sanctions', 'International Trade and World Market', 'internal-open-access-from-nl'];[];['Trump, Donald J', 'Maduro, Nicolas'];['Venezuela', 'Iran'];Facebook;U.S.;10.12.25;11.12.25 15:07
What Happens if You Refuse to Recognize That We Are in a Death Spiral;https://www.nytimes.com/2025/12/14/opinion/maga-right-wing-young-voters.html;;By David French;Remind me never to listen to what they are saying online about me.;"Social Media;Right-Wing Extremism and Alt-Right;Polls and Public Opinion;Youth;Parenting;Anton, Michael (1970- );Clubhouse (Mobile App);Republican Party";1E+14;Article;['Social Media', 'Right-Wing Extremism and Alt-Right', 'Polls and Public Opinion', 'Youth', 'Parenting'];['Clubhouse (Mobile App)', 'Republican Party'];['Anton, Michael (1970- )'];[];Facebook;Opinion;14.12.25;15.12.25 16:02
Sophie Kinsella, ‘Confessions of a Shopaholic’ Author, Dies at 55;https://www.nytimes.com/2025/12/10/books/sophie-kinsella-dead-madeleine-wickham.html;;By Sopan Deb;Writing under a pseudonym, Madeleine Wickham cultivated an international following for her series centered on a young woman addicted to shopping.;"Books and Literature;Deaths (Obituaries);Writing and Writers;Shopping and Retail;internal-open-access-from-nl;Kinsella, Sophie";1E+14;Article;['Books and Literature', 'Deaths (Obituaries)', 'Writing and Writers', 'Shopping and Retail', 'internal-open-access-from-nl'];[];['Kinsella, Sophie'];[];Facebook;Books;10.12.25;11.12.25 20:41
Trump Signs Executive Order to Neuter State A.I. Laws;https://www.nytimes.com/2025/12/11/technology/ai-trump-executive-order.html;;By Cecilia Kang;The order would create one federal regulatory framework for artificial intelligence, President Trump told reporters in the Oval Office.;"Artificial Intelligence;Computers and the Internet;Regulation and Deregulation of Industry;Executive Orders and Memorandums;States (US);State Legislatures;Law and Legislation;Federal-State Relations (US);United States Politics and Government;Trump, Donald J";1E+14;Article;['Artificial Intelligence', 'Computers and the Internet', 'Regulation and Deregulation of Industry', 'Executive Orders and Memorandums', 'States (US)', 'State Legislatures', 'Law and Legislation', 'Federal-State Relations (US)', 'United States Politics and Government'];[];['Trump, Donald J'];[];Facebook;Technology;11.12.25;12.12.25 21:12
U.S. Plans to Scrutinize Foreign Tourists’ Social Media History;https://www.nytimes.com/2025/12/09/travel/social-media-tourists-visa-border-patrol.html;;By Christine Chung;Even visitors from countries like Britain and France, whose citizens don’t need visas, would have to share five years’ worth of social media.;"Social Media;live-detached;Travel and Vacations;Freedom of Speech and Expression;Visas;Civil Rights and Liberties;Surveillance of Citizens by Government;United States Politics and Government;internal-open-access-from-nl;Customs and Border Protection (US);Electronic Frontier Foundation;Federal Register";1E+14;Article;['Social Media', 'live-detached', 'Travel and Vacations', 'Freedom of Speech and Expression', 'Visas', 'Civil Rights and Liberties', 'Surveillance of Citizens by Government', 'United States Politics and Government', 'internal-open-access-from-nl'];['Customs and Border Protection (US)', 'Electronic Frontier Foundation', 'Federal Register'];[];[];Facebook;Travel;09.12.25;10.12.25 17:18
Fraudster’s Victims Are Seething After Trump Commuted His Sentence;https://www.nytimes.com/2025/12/12/nyregion/david-gentile-trump-commutation.html;;By Santul Nerkar and Kenneth P. Vogel;David Gentile spent just days in prison for his conviction in what prosecutors described as a $1.6 billion scheme that defrauded thousands of investors.;"Frauds and Swindling;Private Equity;United States Politics and Government;Amnesties, Commutations and Pardons;Gentile, David C (1966- );Trump, Donald J;Church of Scientology";1E+14;Article;['Frauds and Swindling', 'Private Equity', 'United States Politics and Government', 'Amnesties, Commutations and Pardons'];['Church of Scientology'];['Gentile, David C (1966- )', 'Trump, Donald J'];[];Facebook;New York;12.12.25;14.12.25 23:24
Bystander Tackled and Disarmed One of the Sydney Gunmen, Video Shows;https://www.nytimes.com/2025/12/14/world/australia/bondi-beach-gunman-tackled-video.html;Australia;By Amelia Nierenberg;The video, verified by The New York Times, shows a man sneaking up on one of the shooters who targeted a Hanukkah celebration in Sydney on Sunday.;"Sydney, Australia, Hanukkah Attack (Dec 14, 2025);Video Recordings, Downloads and Streaming;internal-open-access-from-nl;Sydney (Australia);Bondi Beach (Sydney, Australia)";1E+14;Article;['Sydney, Australia, Hanukkah Attack (Dec 14, 2025)', 'Video Recordings, Downloads and Streaming', 'internal-open-access-from-nl'];[];[];['Sydney (Australia)', 'Bondi Beach (Sydney, Australia)'];Facebook;World;14.12.25;15.12.25 09:47
Stephen King: Why I Hugged Rob Reiner After Watching ‘Stand by Me’;https://www.nytimes.com/2025/12/16/opinion/culture/stephen-king-rob-reiner-stand-by-me.html;Opinion | Culture;By Stephen King;In Rob’s hands, my most autobiographical novel rang true.;"Movies;Death and Dying;Writing and Writers;Reiner, Rob;Maine";1E+14;Article;['Movies', 'Death and Dying', 'Writing and Writers'];[];['Reiner, Rob'];['Maine'];Facebook;Opinion;16.12.25;16.12.25 20:19
Review of Medical Cannabis Use Finds Little Evidence of Benefit;https://www.nytimes.com/2025/12/12/health/medical-cannabis-benefits.html;;By Jan Hoffman;Researchers found a chasm between the health reasons for which the public seeks out cannabis and what gold-standard science actually shows about its effectiveness.;"Cannabis Foods and Products;Marijuana;Research;Sleep;Anxiety and Stress;Medicine and Health;your-feed-healthcare;your-feed-science";1E+14;Article;['Cannabis Foods and Products', 'Marijuana', 'Research', 'Sleep', 'Anxiety and Stress', 'Medicine and Health', 'your-feed-healthcare', 'your-feed-science'];[];[];[];Facebook;Health;12.12.25;13.12.25 13:06
How Did the C.I.A. Lose a Nuclear Device?;https://www.nytimes.com/interactive/2025/12/13/world/asia/cia-nuclear-device-himalayas-nanda-devi.html;Asia Pacific;By Jeffrey Gettleman, Hari Kumar, Agnes Chang and Pablo Robles;A plutonium-packed generator disappeared on one of the world’s highest mountains in a covert mission that the U.S. will not talk about.;"Espionage and Intelligence Services;internal-open-access-from-nl;Central Intelligence Agency;Himalayas;India;China";1E+14;Interactive;['Espionage and Intelligence Services', 'internal-open-access-from-nl'];['Central Intelligence Agency'];[];['Himalayas', 'India', 'China'];Email;World;13.12.25;16.12.25 22:33
What Is Gout, and Why Is It on the Rise?;https://www.nytimes.com/2025/12/15/well/live/gout-pain-treatment-recovery.html;Live;By Brendan Borrell;The condition is increasingly common, but stigma often prevents sufferers from obtaining treatment.;"Gout;Diet and Nutrition;Kidneys;Therapy and Rehabilitation;Weight";1E+14;Article;['Gout', 'Diet and Nutrition', 'Kidneys', 'Therapy and Rehabilitation', 'Weight'];[];[];[];Email;Well;15.12.25;16.12.25 15:36
Tech Support Scammers Stole $85,000 From Him. His Bank Declined to Refund Him.;https://www.nytimes.com/2025/12/12/business/tech-support-scam-bank-fraud.html;;By Tara Siegel Bernard;A retired lawyer lost the money in a tech support scam, a type of online fraud that is surging. Citibank said it couldn’t recover the funds, which criminals wired from inside his account.;"Frauds and Swindling;Cyberattacks and Hackers;Computer Security;Personal Finances;Banking and Financial Institutions;Citigroup Inc";1E+14;Article;['Frauds and Swindling', 'Cyberattacks and Hackers', 'Computer Security', 'Personal Finances', 'Banking and Financial Institutions'];['Citigroup Inc'];[];[];Email;Business;12.12.25;13.12.25 15:47
Major Weight Loss and Knee-Pain Relief Seen With New Eli Lilly Drug;https://www.nytimes.com/2025/12/11/health/eli-lilly-retatrutide-weight-loss-drug.html;;By Gina Kolata;The maker of Zepbound reported results from a study of retatrutide, which targets three hormones in the body and led to much more weight loss than any approved drug.;"Obesity;Weight;Knees;Arthritis;Clinical Trials;Diabetes;GLP-1 RAs (Drug);Research;Eli Lilly and Company";1E+14;Article;['Obesity', 'Weight', 'Knees', 'Arthritis', 'Clinical Trials', 'Diabetes', 'GLP-1 RAs (Drug)', 'Research'];['Eli Lilly and Company'];[];[];Email;Health;11.12.25;12.12.25 22:06
Scams, Schemes, Ruthless Cons: The Untold Story of How Jeffrey Epstein Got Rich;https://www.nytimes.com/2025/12/16/magazine/jeffrey-epstein-money-scams-investigation.html;;By David Enrich, Steve Eder, Jessica Silver-Greenberg and Matthew Goldstein;For years, rumors swirled about where his wealth came from. A Times investigation reveals the truth of how a college dropout clawed his way to the pinnacle of American finance and society.;"Frauds and Swindling;Human Trafficking;Sex Crimes;Epstein, Jeffrey E (1953- );Maxwell, Ghislaine;Rockefeller Family;Trump, Donald J;Wexner, Leslie H;Clinton, Bill;Bear Stearns Cos";1E+14;Article;['Frauds and Swindling', 'Human Trafficking', 'Sex Crimes'];['Bear Stearns Cos'];['Epstein, Jeffrey E (1953- )', 'Maxwell, Ghislaine', 'Rockefeller Family', 'Trump, Donald J', 'Wexner, Leslie H', 'Clinton, Bill'];[];Email;Magazine;16.12.25;17.12.25 03:26
Is It Cold, Flu or Covid? What to Know About Symptoms and Testing.;https://www.nytimes.com/2025/11/25/well/cold-flu-covid-symptoms.html;;By Dani Blum;With similar symptoms, it can be difficult to tell which illness is which. Here’s what to know.;"Coronavirus (2019-nCoV);Influenza;Colds;Tests (Medical);Content Type: Service;Vaccination and Immunization";1E+14;Article;['Coronavirus (2019-nCoV)', 'Influenza', 'Colds', 'Tests (Medical)', 'Content Type: Service', 'Vaccination and Immunization'];[];[];[];Email;Well;25.11.25;01.12.25 23:04
I Think This Poem Is Kind of Into You;https://www.nytimes.com/interactive/2025/12/11/books/louise-gluck-poem-early-december-croton-hudson.html;;By A.O. Scott;Our critic A.O. Scott feels the heat of a wintry lyric by the Nobel laureate Louise Glück.;"vis-design;Poetry and Poets;Winter (Season);Gluck, Louise;Croton-on-Hudson (NY)";1E+14;Interactive;['vis-design', 'Poetry and Poets', 'Winter (Season)'];[];['Gluck, Louise'];['Croton-on-Hudson (NY)'];Email;Books;11.12.25;12.12.25 15:35
Should You Donate to Charity This Year or Wait? It Depends.;https://www.nytimes.com/2025/12/12/your-money/donations-charity-tax-law.html;;By Ann Carrns;Changes in the tax law will have different effects on people who take the standard deduction versus high earners who itemize.;"Tax Credits, Deductions and Exemptions;Taxation;Content Type: Service;Personal Finances;High Net Worth Individuals;Internal Revenue Service;Fidelity Charitable Gift Fund";1E+14;Article;['Tax Credits, Deductions and Exemptions', 'Taxation', 'Content Type: Service', 'Personal Finances', 'High Net Worth Individuals'];['Internal Revenue Service', 'Fidelity Charitable Gift Fund'];[];[];Email;Your Money;12.12.25;12.12.25 12:12
Best Comedy of 2025;https://www.nytimes.com/2025/12/11/arts/television/best-comedy-of-2025.html;Television;By Jason Zinoman;Late-night came roaring back to life, Roy Wood Jr. delivered a must-see special and Amy Poehler made a must-listen podcast.;"Comedy and Humor;Two Thousand Twenty Five;Television;Podcasts;Movies;Baker, Rosebud;Esposito, Cameron;Fielder, Nathan (1983- );Fleming, Chris (1987- );Fox, Andrew (Composer);Gaffigan, Jim;Karmel, Ian;Kimmel, Jimmy;Maron, Marc;O'Brien, Conan;Palamides, Natalie;Poehler, Amy;Robinson, Tim (1981- );Soresi, Gianmarco;Weinbach, Brent;Wood, Roy Jr (1978- )";1E+14;Article;['Comedy and Humor', 'Two Thousand Twenty Five', 'Television', 'Podcasts', 'Movies'];[];"['Baker, Rosebud', 'Esposito, Cameron', 'Fielder, Nathan (1983- )', 'Fleming, Chris (1987- )', 'Fox, Andrew (Composer)', 'Gaffigan, Jim', 'Karmel, Ian', 'Kimmel, Jimmy', 'Maron, Marc', ""O'Brien, Conan"", 'Palamides, Natalie', 'Poehler, Amy', 'Robinson, Tim (1981- )', 'Soresi, Gianmarco', 'Weinbach, Brent', 'Wood, Roy Jr (1978- )']";[];Email;Arts;11.12.25;11.12.25 14:35
In Paris, a New Wave of Chocolate Boutiques;https://www.nytimes.com/2025/12/10/travel/chocolate-shops-paris.html;;By Seth Sherwood and Camille McOuat;French culinary legends and award-winning upstarts are expanding the city’s offerings. Here are five.;"Chocolate;Shopping and Retail;Travel and Vacations;internal-open-access-from-nl;Paris (France)";1E+14;Article;['Chocolate', 'Shopping and Retail', 'Travel and Vacations', 'internal-open-access-from-nl'];[];[];['Paris (France)'];Email;Travel;10.12.25;15.12.25 14:51
The Early Decision Option Is a Racket. Shut It Down.;https://www.nytimes.com/2025/12/10/opinion/college-admission-early-decision-application.html;;By Daniel Currell;Colleges should not be allowed to squeeze applicants in a vise.;"Admissions Standards;Colleges and Universities;State Legislatures;Antitrust Laws and Competition Issues;Prices (Fares, Fees and Rates);United States Politics and Government;Boston University;House Committee on the Judiciary;Tulane University";1E+14;Article;['Admissions Standards', 'Colleges and Universities', 'State Legislatures', 'Antitrust Laws and Competition Issues', 'Prices (Fares, Fees and Rates)', 'United States Politics and Government'];['Boston University', 'House Committee on the Judiciary', 'Tulane University'];[];[];Email;Opinion;10.12.25;11.12.25 20:47
Why Won’t Senators Stand Up to Trump? We Asked 3 Who Called It Quits.;https://www.nytimes.com/2025/12/13/magazine/senators-manchin-flake-smith-interview.html;;By Lulu Garcia-Navarro;The current and former lawmakers get candid about bipartisan politics, party leadership and the state of the Senate.;"United States Politics and Government;Law and Legislation;Presidential Power (US);internal-open-access-audio;Flake, Jeffrey L;Smith, Tina F;Manchin, Joe III;Trump, Donald J;Senate;Republican Party;Democratic Party";1E+14;Article;['United States Politics and Government', 'Law and Legislation', 'Presidential Power (US)', 'internal-open-access-audio'];['Senate', 'Republican Party', 'Democratic Party'];['Flake, Jeffrey L', 'Smith, Tina F', 'Manchin, Joe III', 'Trump, Donald J'];[];Email;Magazine;13.12.25;15.12.25 08:44
The Illustrated Children’s Book I’ll Never Stop Recommending to Adults;https://www.nytimes.com/2025/12/09/magazine/childrens-book-adults-george-martha.html;;By Hannah Kingsley-Ma;James Marshall’s “George and Martha” books are witty and complex in their depictions of transformative friendship.;"Books and Literature;Children and Childhood;Libraries and Librarians;Friendship;Marshall, James (1942-92)";1E+14;Article;['Books and Literature', 'Children and Childhood', 'Libraries and Librarians', 'Friendship'];[];['Marshall, James (1942-92)'];[];Email;Magazine;09.12.25;12.12.25 17:18
Thomas L. Friedman Says We’re in a New Epoch. David Brooks Has Questions.;https://www.nytimes.com/2025/12/12/opinion/tom-friedman-david-brooks-polycene.html;;By David Brooks, Thomas L. Friedman and Derek Arthur;Two columnists debate this strange moment.;"United States Politics and Government;United States International Relations;Artificial Intelligence;Computers and the Internet;Ethics and Official Misconduct;War and Armed Conflicts;Innovation;audio-neutral-informative";1E+14;Article;['United States Politics and Government', 'United States International Relations', 'Artificial Intelligence', 'Computers and the Internet', 'Ethics and Official Misconduct', 'War and Armed Conflicts', 'Innovation', 'audio-neutral-informative'];[];[];[];Email;Opinion;12.12.25;15.12.25 08:45